{
    "model_name": "car_truck_classifier",
    "training_date": "2025-12-18 10:47:28",
    "class_names": [
        "Car",
        "Truck"
    ],
    "training_samples": 5117,
    "validation_samples": 5051,
    "epochs": 15,
    "batch_size": 32,
    "final_training_loss": 0.5561189651489258,
    "final_training_accuracy": 0.7144542932510376,
    "final_validation_loss": 0.5154054164886475,
    "final_validation_accuracy": 0.744407057762146,
    "training_history": {
        "loss": [
            0.6754533052444458,
            0.6165097951889038,
            0.6611694097518921,
            0.674089789390564,
            0.6472889184951782,
            0.5490168929100037,
            0.6151098608970642,
            0.5555506348609924,
            0.5922930240631104,
            0.5506182909011841,
            0.5773559212684631,
            0.7820818424224854,
            0.5596883296966553,
            0.567112386226654,
            0.5561189651489258
        ],
        "accuracy": [
            0.5823009014129639,
            0.625,
            0.602949857711792,
            0.46875,
            0.620648980140686,
            0.84375,
            0.6601769924163818,
            0.78125,
            0.6918387413024902,
            0.75,
            0.7016716003417969,
            0.53125,
            0.7028515338897705,
            0.71875,
            0.7144542932510376
        ],
        "val_loss": [
            0.6533027291297913,
            0.6534708142280579,
            0.6512418389320374,
            0.6462013125419617,
            0.6204090714454651,
            0.623153805732727,
            0.569106936454773,
            0.5750927329063416,
            0.5566597580909729,
            0.5582691431045532,
            0.5407723784446716,
            0.5397872924804688,
            0.5368605256080627,
            0.5372999906539917,
            0.5157874822616577
        ],
        "val_accuracy": [
            0.6166401505470276,
            0.6174362897872925,
            0.6166401505470276,
            0.6295780539512634,
            0.6620222926139832,
            0.6566480994224548,
            0.6976512670516968,
            0.6940684914588928,
            0.7149681448936462,
            0.7177547812461853,
            0.731289803981781,
            0.7346735596656799,
            0.7388535141944885,
            0.7360668778419495,
            0.7440286874771118
        ]
    }
}